ID,min_RRR,mean_RRR,std_RRR,class(u:1-h:0)
6,0.16609,0.41149,0.25086,0
7,0.50191,0.26031,42.463,0
10,0.155951667,0.38601,0.24181,0
12,0.129514,0.36122,0.25131,0
13,0.149187692,0.3672,0.24615,0
14,0.181825,0.42553,0.23484,0
15,0.187156364,0.44975,0.23706,0
16,0.214598,0.45155,0.23293,0
17,0.225492308,0.45472,0.22155,0
18,0.10635,0.33798,0.25587,0
19,0.170577692,0.41657,0.23821,0
21,0.190125,0.39712,0.24637,0
22,0.205419,0.41877,0.23112,0
26,0.203217,0.43013,0.22597,0
29,0.167,0.39901,0.24362,0
30,0.208495,0.44402,0.23546,0
31,0.18528,0.83486,0.2312,0
32,0.175615833,0.41976,0.23877,0
33,0.148256667,0.38746,0.2453,0
35,0.201079167,0.43033,0.22708,0
36,0.18495,0.40643,0.23409,0
37,0.215688182,0.4573,0.23059,0
38,0.16091,0.39486,0.2509,0
39,0.20463,0.4459,0.23666,0
40,0.20269,0.42134,0.23146,0
44,0.16282,0.39186,0.24245,0
45,0.16866,0.4071,0.24462,0
47,0.16655,0.40229,0.2436,0
49,0.13345,0.37257,0.25212,0
50,0.14601,0.38021,0.246,0
51,0.18508,0.41753,0.23904,0
52,0.2026,0.42833,0.2337,0
6,0.14394,0.39401,0.2617,1
7,0.15699,0.39837,0.2538,1
10,0.10429225,0.34659,0.27388,1
12,0.108246,0.33617,0.25426,1
13,0.117594231,0.33518,0.25326,1
14,0.134743,0.37429,0.24876,1
15,0.107676273,0.33511,0.24919,1
16,0.084614,0.33074,0.26689,1
17,0.179730769,0.40037,0.25312,1
18,0.098288875,0.33418,0.25921,1
19,0.138884615,0.3491,0.25458,1
21,0.186187,0.36884,0.25598,1
22,0.178395,0.39312,0.23876,1
26,0.170355,0.3844,0.2358,1
29,0.139759833,0.38864,0.23399,1
30,0.181881667,0.41796,0.24044,1
31,0.166467273,0.41337,0.23416,1
32,0.170636667,0.41947,0.23561,1
33,0.149304444,0.36662,0.24701,1
35,0.191299167,0.41814,0.23164,1
36,0.129107,0.38433,0.24799,1
37,0.194528182,0.42792,0.23477,1
38,0.13384,0.37523,0.24172,1
39,0.17858,0.421,0.24519,1
40,0.18777,0.42649,0.24069,1
44,0.064499,0.3085,0.26833,1
45,0.16866,0.4071,0.24462,1
47,0.15147,0.39169,0.24885,1
49,0.1079,0.35072,0.25803,1
50,0.096058,0.33769,0.26451,1
51,0.12997,0.37229,0.25568,1
52,0.097865,0.3466,0.26276,1
